<?xml version="1.0" encoding="UTF-8"?>
<!DOCTYPE suite SYSTEM "http://testng.org/testng-1.0.dtd">
<suite name="Suite">
<parameter name="reportname" value="sample_report"/>
	<test thread-count="5" name="NewAccountCreationModule">
		<classes>
			<class name="com.Testcases.AccountCreation" />
		</classes>
	</test>
	<test thread-count="5" name="DashboardModule">
		<classes>
			<class name="com.Testcases.Dashboard" />
		</classes>
	</test>
	<test thread-count="5" name="UseModel">
		<classes>
			<class name="com.Testcases.UseModel" />
		</classes>
	</test>
	<test thread-count="5" name="AccountDetails">
		<classes>
			<class name="com.Testcases.AccountDetails" />
		</classes>
	</test>
	<test thread-count="5" name="AddContacts">
		<classes>
			<class name="com.Testcases.Contacts" />
		</classes>
	</test>
	<test thread-count="5" name="EditContacts">
		<classes>
			<class name="com.Testcases.EditContacts" />
		</classes>
	</test>
	<test thread-count="5" name="DeleteContact">
		<classes>
			<class name="com.Testcases.DeleteContact" />
		</classes>
	</test>
	<test thread-count="5" name="ForgotPassword">
		<classes>
			<class name="com.Testcases.ForgotPassword" />
		</classes>
	</test>


</suite> <!-- Suite -->
