<?xml version="1.0" encoding="UTF-8"?>
<!DOCTYPE suite SYSTEM "http://testng.org/testng-1.0.dtd">
<suite name="TagActivityInstructionPanelSuite">
   
  <parameter name="reportname" value="TagActivity_InstructionPanel"/>

	 <test thread-count="5" name="Facilitator checks the tagging instruction panel">
		<classes>
			 <class name="com.Testcases.tagactivity.instructionpanel.FacilitatorChecksInstructions"/>
		</classes>
	</test> 
	
	<test thread-count="5" name="Participant checks the tagging instruction panel">
		<classes>
			 <class name="com.Testcases.tagactivity.instructionpanel.ParticipantChecksInstructions"/>
		</classes>
	</test>
	
	<test thread-count="5" name="User checks the hyperlinks of instruction panel">
		<classes>
			 <class name="com.Testcases.tagactivity.instructionpanel.UserChecksDefaultHyperlinksOfInstructionPanel"/>
		</classes>
	</test>
	
	<test thread-count="5" name="Facilitator checks the total participant's done count">
		<classes>
			 <class name="com.Testcases.tagactivity.instructionpanel.CheckIAMDoneCount"/>
		</classes>
	</test>
	
	<test thread-count="5" name="Facilitator checks the total participant's done count by going forth and back">
		<classes>
			 <class name="com.Testcases.tagactivity.instructionpanel.FacilitatorVerifiesDoneCountBygoingForthandback"/>
		</classes>
	</test>  
	
	<test thread-count="5" name="Facilitator adds a bold text in the tag instructions">
		<classes>
			 <class name="com.Testcases.tagactivity.instructionpanel.FacilitatorAddsBoldtextInTagInstruction"/>
		</classes>
	</test>
	
	<test thread-count="5" name="Facilitator adds a italic text in the tag instructions">
		<classes>
			 <class name="com.Testcases.tagactivity.instructionpanel.FacilitatorAddsItalicTextInTagInstructions"/>
		</classes>
	</test>
	
	<test thread-count="5" name="Facilitator underlines a text in the tag instructions">
		<classes>
			 <class name="com.Testcases.tagactivity.instructionpanel.FacilitatorAddsUnderlineInTagInstructions"/>
		</classes>
	</test>
	
	<test thread-count="5" name="Facilitator adds dotted bullets for a text in the tag instructions">
		<classes>
			 <class name="com.Testcases.tagactivity.instructionpanel.FacilitatorAddsDotBulletInTagInstructions"/>
		</classes>
	</test>
	
	<test thread-count="5" name="Facilitator adds numbered bullets for a text in the tag instructions">
		<classes>
			 <class name="com.Testcases.tagactivity.instructionpanel.FacilitatorAddsNumberBulletInTagInstructions"/>
		</classes>
	</test>
	
	<test thread-count="5" name="Facilitator adds hyperlink for a text in the tag instructions">
		<classes>
			 <class name="com.Testcases.tagactivity.instructionpanel.FacilitatorAddsHyperlinkInTagInstructions"/>
		</classes>
	</test>
</suite> 
