<?xml version="1.0" encoding="UTF-8"?>
<!DOCTYPE suite SYSTEM "http://testng.org/testng-1.0.dtd">
<suite name="TagActivityOpenTagging">
<parameter name="reportname" value="TagActivity_OpenTagging"/>

	 <test thread-count="5" name="Facilitator adds a Topic and a few tiles">
		<classes>
			<class name="com.Testcases.tagactivity.opentagging.AddTopicAndTiles" />
		</classes>
	</test>
	
	<test thread-count="5" name="Participant adds a few tiles">
		<classes>
			<class name="com.Testcases.tagactivity.opentagging.ParticipantAddsTiles" />
		</classes>
	</test>
	
	<test thread-count="5" name="Open tagging for a topic">
		<classes>
			<class name="com.Testcases.tagactivity.opentagging.OpenTaggingForATopic" />
		</classes>
	</test>
	
	<test thread-count="5" name="Facilitator views the tag activity">
		<classes>
			<class name="com.Testcases.tagactivity.opentagging.FacilitatorViewTagActivity" />
		</classes>
	</test>
	
	
	<test thread-count="5" name="Participant views the tag activity">
		<classes>
			<class name="com.Testcases.tagactivity.opentagging.ParticipantViewsTagActivity" />
		</classes>
	</test>
  
</suite> 