<?xml version="1.0" encoding="UTF-8"?>
<!DOCTYPE suite SYSTEM "http://testng.org/testng-1.0.dtd">
<suite name="TagActivity_AddingTags">
<parameter name="reportname" value="TagActivity_AddingTags"/>

	  
	<test thread-count="5" name="Facilitator adds new tag groups">
		<classes>
			 <class name="com.Testcases.tagactivity.addingtags.AddNewTagGroups"/>
		</classes>
	</test>  
	
	 <test thread-count="5" name="Facilitator adds new tags">
		<classes>
			 <class name="com.Testcases.tagactivity.addingtags.AddNewTagsUnderAGroup"/>
		</classes>
	</test>
	
	<test thread-count="5" name="Facilitator adds tags for the tiles">
		<classes>
			 <class name="com.Testcases.tagactivity.addingtags.FacilitatorAddsTagForTiles"/>
		</classes>
	</test>
	
	<test thread-count="5" name="Participant adds tags for the tiles">
		<classes>
			 <class name="com.Testcases.tagactivity.addingtags.ParticipantAddsTagForTiles"/>
		</classes>
	</test>
	
	<test thread-count="5" name="Pick one tag label checking">
		<classes>
			 <class name="com.Testcases.tagactivity.addingtags.CheckPickOneTagSettings"/>
		</classes>
	</test>
	 
	
	<test thread-count="5" name="Pick many tag label checking">
		<classes>
			 <class name="com.Testcases.tagactivity.addingtags.CheckPickManyTagSettings"/>
		</classes>
	</test>
  
</suite> 
