<?xml version="1.0" encoding="UTF-8"?>
<!DOCTYPE suite SYSTEM "http://testng.org/testng-1.0.dtd">
<suite name="TagActivity_Tagging">
<parameter name="reportname" value="TagActivity_Tagging"/>

	  	
	<test thread-count="5" name="Facilitator checks down arrow of the tag groups">
		<classes>
			 <class name="com.Testcases.tagactivity.tagging.CheckDownArrowOfTagGroup"/>
		</classes>
	</test>
	
	<test thread-count="5" name="Facilitator checks up arrow of the tag groups">
		<classes>
			 <class name="com.Testcases.tagactivity.tagging.CheckUpArrowOfTagGroup"/>
		</classes>
	</test>
	
	<test thread-count="5" name="Facilitator checks order of the tag groups">
		<classes>
			 <class name="com.Testcases.tagactivity.tagging.CheckTagGroupOrder"/>
		</classes>
	</test>
	
	<test thread-count="5" name="Facilitator checks down arrow of the tags">
		<classes>
			 <class name="com.Testcases.tagactivity.tagging.CheckDownArrowOfTag"/>
		</classes>
	</test>
	
	<test thread-count="5" name="Facilitator checks up arrow of the tags">
		<classes>
			 <class name="com.Testcases.tagactivity.tagging.CheckUpArrowOfTag"/>
		</classes>
	</test>
	
	 <test thread-count="5" name="Facilitator checks eyeball menu of the tag group">
		<classes>
			 <class name="com.Testcases.tagactivity.tagging.CheckEyeballMenu"/>
		</classes>
	</test>
	
	<test thread-count="5" name="Facilitator checks eyeball menu of the tag group again">
		<classes>
			 <class name="com.Testcases.tagactivity.tagging.CheckEyeballMenu"/>
		</classes>
	</test>
 
</suite> 
