<?xml version="1.0" encoding="UTF-8"?>
<!DOCTYPE suite SYSTEM "http://testng.org/testng-1.0.dtd">
<suite name="TagActivity_SettingsPanel">
<parameter name="reportname" value="TagActivity_SettingsPanel"/>

	  
	 <test thread-count="5" name="Facilitator checks hide tag settings panel">
		<classes>
			 <class name="com.Testcases.tagactivity.settingspanel.CheckHideTagSettings"/>
		</classes>
	</test> 
	 
	 <test thread-count="5" name="Facilitator checks show tag settings panel">
		<classes>
			 <class name="com.Testcases.tagactivity.settingspanel.CheckShowTagSettings"/>
		</classes>
	</test> 
	
	<test thread-count="5" name="Facilitator checks owner tile visibility">
		<classes>
			 <class name="com.Testcases.tagactivity.settingspanel.CheckOwnerTileVisibility"/>
		</classes>
	</test> 
	
	<test thread-count="5" name="Facilitator checks all tile visibility">
		<classes>
			 <class name="com.Testcases.tagactivity.settingspanel.CheckAllTileVisibility"/>
		</classes>
	</test> 
	
	<test thread-count="5" name="Facilitator checks no option of add tile visibility">
		<classes>
			 <class name="com.Testcases.tagactivity.settingspanel.CheckNoInAddTileSettings"/>
		</classes>
	</test> 
	
	<test thread-count="5" name="Facilitator checks yes option of add tile visibility">
		<classes>
			 <class name="com.Testcases.tagactivity.settingspanel.CheckYesInAddTileSettings"/>
		</classes>
	</test> 
	
	<test thread-count="5" name="Facilitator checks show option of tags on tile front settings">
		<classes>
			 <class name="com.Testcases.tagactivity.settingspanel.CheckShowTagsOnTileFrontSettings"/>
		</classes>
	</test>
	
	<test thread-count="5" name="Facilitator checks hide option of tags on tile front settings">
		<classes>
			 <class name="com.Testcases.tagactivity.settingspanel.CheckHideTagsOnTileFrontSettings"/>
		</classes>
	</test> 
	
	<test thread-count="5" name="Facilitator checks list option of view style settings">
		<classes>
			 <class name="com.Testcases.tagactivity.settingspanel.CheckListViewStyleSettings"/>
		</classes>
	</test>
	
	<test thread-count="5" name="Facilitator checks tile option of view style settings">
		<classes>
			 <class name="com.Testcases.tagactivity.settingspanel.CheckTileViewStyleSettings"/>
		</classes>
	</test>
	
	<test thread-count="5" name="Facilitator checks all option of comment visibility settings">
		<classes>
			 <class name="com.Testcases.tagactivity.settingspanel.CheckAllCommentVisibility"/>
		</classes>
	</test> 
	
	<test thread-count="5" name="Facilitator checks owner option of comment visibility settings">
		<classes>
			 <class name="com.Testcases.tagactivity.settingspanel.CheckOwnerCommentVisibility"/>
		</classes>
	</test>
	
	<test thread-count="5" name="Facilitator checks hide option of file visibility settings">
		<classes>
			 <class name="com.Testcases.tagactivity.settingspanel.CheckHideFileVisibility"/>
		</classes>
	</test>
	
	<test thread-count="5" name="Facilitator checks show option of file visibility settings">
		<classes>
			 <class name="com.Testcases.tagactivity.settingspanel.CheckShowFileVisibility"/>
		</classes>
	</test>
	
	<test thread-count="5" name="Facilitator checks owner option of tagging ability settings">
		<classes>
			 <class name="com.Testcases.tagactivity.settingspanel.CheckOwnerTaggingAbility"/>
		</classes>
	</test>
	
	<test thread-count="5" name="Facilitator checks all option of tagging ability settings">
		<classes>
			 <class name="com.Testcases.tagactivity.settingspanel.CheckAllTaggingAbility"/>
		</classes>
	</test> 
	
	<test thread-count="5" name="Facilitator checks alpha ascending option of default sort order settings">
		<classes>
			 <class name="com.Testcases.tagactivity.settingspanel.CheckSortByAlphaAscending"/>
		</classes>
	</test>
	
	<test thread-count="5" name="Facilitator checks alpha descending option of default sort order settings">
		<classes>
			 <class name="com.Testcases.tagactivity.settingspanel.CheckSortByAlphaDescending"/>
		</classes>
	</test>
	
	<test thread-count="5" name="Facilitator checks numeric ascending option of default sort order settings">
		<classes>
			 <class name="com.Testcases.tagactivity.settingspanel.CheckSortByNumericAscending"/>
		</classes>
	</test>
	
	<test thread-count="5" name="Facilitator checks numeric descending option of default sort order settings">
		<classes>
			 <class name="com.Testcases.tagactivity.settingspanel.CheckSortByNumericDescending"/>
		</classes>
	</test>
	
	<test thread-count="5" name="Facilitator checks shuffled order option of default sort order settings">
		<classes>
			 <class name="com.Testcases.tagactivity.settingspanel.CheckSortByShuffledOrder"/>
		</classes>
	</test>
 
</suite> 
