<?xml version="1.0" encoding="UTF-8"?>
<!DOCTYPE suite SYSTEM "http://testng.org/testng-1.0.dtd">

<suite name="CleanlinessandSanitization">

   <parameter name="reportname" value="BCM_CleanlinessandSanitization" /> 

  <!-- <test thread-count="5" name="Checkcleanandsantilink">
    <classes>
      <class name="com.Testcases.BCM.CleanlinessandSanitization.Checkcleanandsantilink"/>
    </classes>
  </test>   --> 
  
  <!-- <test thread-count="5" name="checkAddBranch">
    <classes>
      <class name="com.Testcases.BCM.CleanlinessandSanitization.checkAddBranch"/>
    </classes>
  </test>    -->
  
   <!-- <test thread-count="5" name="createAddBranch">
    <classes>
      <class name="com.Testcases.BCM.CleanlinessandSanitization.createAddBranch"/>
    </classes>
  </test>     -->	
  
  <!--  <test thread-count="5" name="checkEditaddplant">
    <classes>
      <class name="com.Testcases.BCM.CleanlinessandSanitization.checkEditaddplant"/>
    </classes>
  </test>   --> 
  
 <!--  <test thread-count="5" name="checkDeleteplant">
    <classes>
      <class name="com.Testcases.BCM.CleanlinessandSanitization.checkDeleteplant"/>
    </classes>
  </test>   -->
  
   <test thread-count="5" name="checkAssigntask">
    <classes>
      <class name="com.Testcases.BCM.CleanlinessandSanitization.checkAssigntask"/>
    </classes>
  </test>    
  
   <!--  <test thread-count="5" name="checkdropdownsearch">
    <classes>
      <class name="com.Testcases.BCM.CleanlinessandSanitization.checkdropdownsearch"/>
    </classes>
  </test>   --> 
  
 <!--  <test thread-count="5" name="checkStatussearch">
    <classes>
      <class name="com.Testcases.BCM.CleanlinessandSanitization.checkStatussearch"/>
    </classes>
  </test> -->
  
   <!--  <test thread-count="5" name="checkEditassigntask">
    <classes>
      <class name="com.Testcases.BCM.CleanlinessandSanitization.checkEditassigntask"/>
    </classes>
  </test> -->
  
 <!--   <test thread-count="5" name="checkDeleteassigntask">
    <classes>
      <class name="com.Testcases.BCM.CleanlinessandSanitization.checkDeleteassigntask"/>
    </classes>
  </test> -->
   
</suite> 
