<?xml version="1.0" encoding="UTF-8"?>
<!DOCTYPE suite SYSTEM "http://testng.org/testng-1.0.dtd">

<suite name="dashboardpage">

  <parameter name="reportname" value="Dashboard" /> 
  
   <test thread-count="5" name="CheckSurveyTabs">
    <classes>
      <class name="com.Testcases.BCOR.Dashboard.CheckSurveyTabs"/>
    </classes>
  </test> 
    
  <test thread-count="5" name="CheckWFHsurveydetails">
    <classes>
      <class name="com.Testcases.BCOR.Dashboard.CheckWFHsurveydetails"/>
    </classes>
  </test> 
  
  <test thread-count="5" name="CheckQuarantinesurveydetails">
    <classes>
      <class name="com.Testcases.BCOR.Dashboard.CheckQuarantinesurveydetails"/>
    </classes>
  </test> 
  
 
  <test thread-count="5" name="checkcleanlinessandsantipage">
    <classes>
      <class name="com.Testcases.BCOR.Dashboard.checkcleanlinessandsantipage"/>
    </classes>
  </test> 
  
   
  <test thread-count="5" name="Checkarrowsincard">
    <classes>
      <class name="com.Testcases.BCOR.Dashboard.Checkarrowsincard"/>
    </classes>
  </test>
  
  
  <!-- <test thread-count="5" name="checkDashboardlink">
    <classes>
      <class name="com.Testcases.BCM.Dashboard.checkDashboardlink"/>
    </classes>
  </test>  
  
   <test thread-count="5" name="checkempdirectorypage">
    <classes>
      <class name="com.Testcases.BCM.Dashboard.checkempdirectorypage"/>
    </classes>
  </test>  -->
  
 <!--  <test thread-count="5" name="checkWfhpage">
    <classes>
      <class name="com.Testcases.BCM.Dashboard.checkWfhpage"/>
    </classes>
  </test>  -->
     
   <!--  <test thread-count="5" name="checkcovidconfirmedpage">
    <classes>
      <class name="com.Testcases.BCM.Dashboard.checkcovidconfirmedpage"/>
    </classes>
  </test>  
  
   <test thread-count="5" name="checkStayathomepage">
    <classes>
      <class name="com.Testcases.BCM.Dashboard.checkStayathomepage"/>
    </classes>
  </test>  
   
   
    <test thread-count="5" name="checkOnsitepage">
    <classes>
      <class name="com.Testcases.BCM.Dashboard.checkOnsitepage"/>
    </classes>
  </test> 
  
    <test thread-count="5" name="checksuspectedpage">
    <classes>
      <class name="com.Testcases.BCM.Dashboard.checksuspectedpage"/>
    </classes>
  </test>  
   -->
 <!--   <test thread-count="5" name="checkRecoveredpage">
    <classes>
      <class name="com.Testcases.BCM.Dashboard.checkRecoveredpage"/>
    </classes>
  </test>  -->
  
 <!--  <test thread-count="5" name="checkcleanlinessandsantipage">
    <classes>
      <class name="com.Testcases.BCM.Dashboard.checkcleanlinessandsantipage"/>
    </classes>
  </test>  -->
  
  <!--  <test thread-count="5" name="checkCirclePlantPage">
    <classes>
      <class name="com.Testcases.BCM.Dashboard.checkCirclePlantPage"/>
    </classes>
  </test>  -->
  
  <!--  <test thread-count="5" name="checkplantarrows">
    <classes>
      <class name="com.Testcases.BCM.Dashboard.checkplantarrows"/>
    </classes>
  </test>  -->
  
  <!-- <test thread-count="5" name="checkNewsPage">
    <classes>
      <class name="com.Testcases.BCM.Dashboard.checkNewsPage"/>
    </classes>
  </test> -->
  
 <!--  <test thread-count="5" name="checknewstitle">
    <classes>
      <class name="com.Testcases.BCM.Dashboard.checknewstitle"/>
    </classes>
  </test> -->
  
  <!--  <test thread-count="5" name="checkScrollinNewsdashboardpage">
    <classes>
      <class name="com.Testcases.BCM.Dashboard.checkScrollinNewsdashboardpage"/>
    </classes>
  </test> -->
  
   <!-- <test thread-count="5" name="checkTrainingandawarenesspage">
    <classes>
      <class name="com.Testcases.BCM.Dashboard.checkTrainingandawarenesspage"/>
    </classes>
  </test> -->
  
  <!-- <test thread-count="5" name="checkcoursetiletrainingpage">
    <classes>
      <class name="com.Testcases.BCM.Dashboard.checkcoursetiletrainingpage"/>
    </classes>
  </test> -->
  
 <!--  <test thread-count="5" name="checkscrollintrainingpage">
    <classes>
      <class name="com.Testcases.BCM.Dashboard.checkscrollintrainingpage"/>
    </classes>
  </test> -->
  
  
  
  
</suite> 
