<?xml version="1.0" encoding="UTF-8"?>
<!DOCTYPE suite SYSTEM "http://testng.org/testng-1.0.dtd">

<suite name="Employeehealthpage">

	<parameter name="reportname" value="Employeehealthpage" />
  
   <test thread-count="5" name="CheckEmpDircounts">
    <classes>
      <class name="com.Testcases.BCOR.Employeehealth.CheckEmpDircounts"/>
    </classes>
  </test>   
  
  <test thread-count="5" name="CheckOnsitecounts">
    <classes>
      <class name="com.Testcases.BCOR.Employeehealth.CheckOnsitecounts"/>
    </classes>
  </test>  
  
    <test thread-count="5" name="CheckQuarantineCount">
    <classes>
      <class name="com.Testcases.BCOR.Employeehealth.CheckQuarantineCount"/>
    </classes>
  </test>   
    
   <test thread-count="5" name="CheckSuspectedCount">
    <classes>
      <class name="com.Testcases.BCOR.Employeehealth.CheckSuspectedCount"/>
    </classes>
  </test>   
  
   <test thread-count="5" name="CheckCovidCount">
    <classes>
      <class name="com.Testcases.BCOR.Employeehealth.CheckCovidCount"/>
    </classes>
  </test>  
  
   <test thread-count="5" name="CheckWFHCounts">
    <classes>
      <class name="com.Testcases.BCOR.Employeehealth.CheckWFHCounts"/>
    </classes>
  </test> 
   
   <!-- <test thread-count="5" name="checkWfhpage">
    <classes>
      <class name="com.Testcases.BCOR.Employeehealth.checkWfhpage"/>
    </classes>
  </test> 
  
    <test thread-count="5" name="CheckDropdownemp">
    <classes>
      <class name="com.Testcases.BCOR.Employeehealth.CheckDropdownemp"/>
    </classes>
  </test> 
  
   <test thread-count="5" name="Checksearchbtn">
    <classes>
      <class name="com.Testcases.BCOR.Employeehealth.Checksearchbtn"/>
    </classes>
  </test> 
  
   <test thread-count="5" name="Checkarrowsincard">
    <classes>
      <class name="com.Testcases.BCOR.Employeehealth.Checkarrowsincard"/>
    </classes>
  </test> 
  
  <test thread-count="5" name="Checkscrollempdir">
    <classes>
      <class name="com.Testcases.BCOR.Employeehealth.Checkscrollempdir"/>
    </classes>
  </test>   -->
  
</suite> 

