<?xml version="1.0" encoding="UTF-8"?>
<!DOCTYPE suite SYSTEM "http://testng.org/testng-1.0.dtd">

<suite name="loginpage">

	<parameter name="reportname" value="BCM_LoginPage" />

  <test thread-count="5" name="loginpagesecurity">
    <classes>
      <class name="com.Testcases.BCM.loginpage.loginpagesecurity"/>
    </classes>
  </test>  
  
   <test thread-count="5" name="loginpagedashboard">
    <classes>
      <class name="com.Testcases.BCM.loginpage.loginpagedashboard"/>
    </classes>
  </test>   
  
   <test thread-count="5" name="Forgotpassword">
    <classes>
      <class name="com.Testcases.BCM.loginpage.Forgotpassword"/>
    </classes>
  </test>  
  
  <test thread-count="5" name="Testmailinvitetion">
    <classes>
      <class name="com.Testcases.BCM.loginpage.Testmailinvitetion"/>
    </classes>
  </test>  
  
</suite> 
