<?xml version="1.0" encoding="UTF-8"?>
<!DOCTYPE suite SYSTEM "http://testng.org/testng-1.0.dtd">

<suite name="BCM_Newandupdate">

	<parameter name="reportname" value="BCM_Newandupdate" /> 
	
		
 <!-- <test thread-count="5" name="checkNewsandupdatelink">
    <classes>
      <class name="com.Testcases.BCM.Newsandupdate.checkNewsandupdatelink"/>
    </classes>
  </test>  -->  
  
  <!-- <test thread-count="5" name="checkcompanynews">
    <classes>
      <class name="com.Testcases.BCM.Newsandupdate.checkcompanynews"/>
    </classes>
  </test> -->  
  
 <test thread-count="5" name="cancelNewsandUpdates">
    <classes>
      <class name="com.Testcases.BCM.Newsandupdate.cancelNewsandUpdates"/>
    </classes>
  </test>   
  
   <!--   <test thread-count="5" name="updateExitNews">
    <classes>
      <class name="com.Testcases.BCM.Newsandupdate.updateExitNews"/>
    </classes>
  </test>   -->
  
  <!-- <test thread-count="5" name="deletecontent">
    <classes>
      <class name="com.Testcases.BCM.Newsandupdate.deletecontent"/>
    </classes>
  </test>   -->
   
</suite> 
