<?xml version="1.0" encoding="UTF-8"?>
<!DOCTYPE suite SYSTEM "http://testng.org/testng-1.0.dtd">

<suite name="securitypage">

	<parameter name="reportname" value="securitypage" />
  
   <!-- <test thread-count="5" name="onsiteEmployeesecuritypage">
    <classes>
      <class name="com.Testcases.BCOR.securitypage.onsiteEmployeesecuritypage"/>
    </classes>
  </test>  
 
   <test thread-count="5" name="suspectedEmployeesecuritypage">
    <classes>
      <class name="com.Testcases.BCOR.securitypage.suspectedEmployeesecuritypage"/>
    </classes>
  </test>  
   -->
  <!--  <test thread-count="5" name="QuarantineOnesym">
    <classes>
      <class name="com.Testcases.BCOR.securitypage.QuarantineOnesym"/>
    </classes>
  </test>   
  
  <test thread-count="5" name="Quarantinetwosym">
    <classes>
      <class name="com.Testcases.BCOR.securitypage.Quarantinetwosym"/>
    </classes>
  </test>   
  
  <test thread-count="5" name="Quarantinethreesym">
    <classes>
      <class name="com.Testcases.BCOR.securitypage.Quarantinethreesym"/>
    </classes>
  </test>  
  
   <test thread-count="5" name="Quarantinefoursym">
    <classes>
      <class name="com.Testcases.BCOR.securitypage.Quarantinefoursym"/>
    </classes>
  </test>    -->
  
 <!--  <test thread-count="5" name="Checkalreadyscannedemployeequrantine">
    <classes>
      <class name="com.Testcases.BCOR.securitypage.Checkalreadyscannedemployeequrantine"/>
    </classes>
  </test>  -->
  
  
 <!--   <test thread-count="5" name="Checkalreadyscannedemployeesuspected">
    <classes>
      <class name="com.Testcases.BCOR.securitypage.Checkalreadyscannedemployeesuspected"/>
    </classes>
  </test>  -->
  
  
 <!--   <test thread-count="5" name="Checkalreadyscannedemployeecovid">
    <classes>
      <class name="com.Testcases.BCOR.securitypage.Checkalreadyscannedemployeecovid"/>
    </classes>
  </test>
    -->
    
   <!-- <test thread-count="5" name="Checkalreadyscannedemployeeonsite">
    <classes>
      <class name="com.Testcases.BCOR.securitypage.Checkalreadyscannedemployeeonsite"/>
    </classes>
  </test> -->
   
  <!-- <test thread-count="5" name="Changefahrenheittocelsius">
    <classes>
      <class name="com.Testcases.BCOR.securitypage.Changefahrenheittocelsius"/>
    </classes>
  </test>   
   
   <test thread-count="5" name="checkcelsiusintemp">
    <classes>
      <class name="com.Testcases.BCOR.securitypage.checkcelsiusintemp"/>
    </classes>
  </test>  
  
   
   <test thread-count="5" name="CheckEmpNameandDepart">
    <classes>
      <class name="com.Testcases.BCOR.securitypage.CheckEmpNameandDepart"/>
    </classes>
  </test>  
  
   <test thread-count="5" name="CheckPPEQuestions">
    <classes>
      <class name="com.Testcases.BCOR.securitypage.CheckPPEQuestions"/>
    </classes>
  </test>
  
 <test thread-count="5" name="CheckSymptomMessages">
    <classes>
      <class name="com.Testcases.BCOR.securitypage.CheckSymptomMessages"/>
    </classes>
  </test> 
  
  <test thread-count="5" name="CheckEditbutton">
    <classes>
      <class name="com.Testcases.BCOR.securitypage.CheckEditbutton"/>
    </classes>
  </test> 
  
   <test thread-count="5" name="CheckDateandMonth">
    <classes>
      <class name="com.Testcases.BCOR.securitypage.CheckDateandMonth"/>
    </classes>
  </test>  
    -->
   
   <!-- <test thread-count="5" name="Checktemperature">
    <classes>
      <class name="com.Testcases.BCOR.securitypage.Checktemperature"/>
    </classes>
  </test>  -->
  
  <!--  <test thread-count="5" name="checkTemprange">
    <classes>
      <class name="com.Testcases.BCOR.securitypage.checkTemprange"/>
    </classes>
  </test> -->
  
 <!--  <test thread-count="5" name="Handwashmessage">
    <classes>
      <class name="com.Testcases.BCOR.securitypage.Handwashmessage"/>
    </classes>
  </test> -->
  
  <!--  <test thread-count="5" name="CheckOximeterValueRange">
    <classes>
      <class name="com.Testcases.BCOR.securitypage.CheckOximeterValueRange"/>
    </classes>
  </test> -->
  
  <!--   <test thread-count="5" name="CheckFevericonsclickableinuntemp">
    <classes>
      <class name="com.Testcases.BCOR.securitypage.CheckFevericonsclickableinuntemp"/>
    </classes>
  </test>  -->
  
   <!--  <test thread-count="5" name="Checkoximeterfield">
    <classes>
      <class name="com.Testcases.BCOR.securitypage.Checkoximeterfield"/>
    </classes>
  </test>  -->
  
   <test thread-count="5" name="Checkbranchindropdown">
    <classes>
      <class name="com.Testcases.BCOR.securitypage.Checkbranchindropdown"/>
    </classes>
  </test> 
  
  
</suite> 
