<?xml version="1.0" encoding="UTF-8"?>
<!DOCTYPE suite SYSTEM "http://testng.org/testng-1.0.dtd">

<suite name="Trainingandawareness">

	<parameter name="reportname" value="BCM_Trainingandawareness" /> 

  <test thread-count="5" name="CheckTrainingawarenesslink">
    <classes>
      <class name="com.Testcases.BCM.Trainingawareness.CheckTrainingawarenesslink"/>
    </classes>
  </test>   
 
 <test thread-count="5" name="assignCourse">
    <classes>
      <class name="com.Testcases.BCM.Trainingawareness.assignCourse"/>
    </classes>
  </test>  
  
   <test thread-count="5" name="checkCancelassigncourse">
    <classes>
      <class name="com.Testcases.BCM.Trainingawareness.checkCancelassigncourse"/>
    </classes>
  </test>  
   
    <!-- <test thread-count="5" name="checkyettostartcourse">
    <classes>
      <class name="com.Testcases.BCM.Trainingawareness.checkyettostartcourse"/>
    </classes>
  </test> 
  
   <test thread-count="5" name="checkinprogresscourse">
    <classes>
      <class name="com.Testcases.BCM.Trainingawareness.checkinprogresscourse"/>
    </classes>
  </test> 
  
  <test thread-count="5" name="checkcompletedcourse">
    <classes>
      <class name="com.Testcases.BCM.Trainingawareness.checkcompletedcourse"/>
    </classes>
  </test> 
  
  <test thread-count="5" name="checkReturnarrow">
    <classes>
      <class name="com.Testcases.BCM.Trainingawareness.checkReturnarrow"/>
    </classes>
  </test> -->
  
  
</suite> 
