<?xml version="1.0" encoding="UTF-8"?>
<!DOCTYPE suite SYSTEM "http://testng.org/testng-1.0.dtd">
<suite name="NoodleFileVisibilitySuite">
<parameter name="reportname" value="NoodleActivity_FileVisibility"/>

	<test thread-count="5" name="FacilitatorHandlesFile">
		<classes>
			<class name="com.Testcases.noodle.filevisibility.FacilitatorHandlesFile" />
		</classes>
	</test>
	<test thread-count="5" name="ParticipantHandlesFiles">
		<classes>
			<class name="com.Testcases.noodle.filevisibility.ParticipantHandlesFiles" />
		</classes>
	</test>
</suite>