<?xml version="1.0" encoding="UTF-8"?>
<!DOCTYPE suite SYSTEM "http://testng.org/testng-1.0.dtd">
<suite name="NoodleActivityFrontOfTile">
<parameter name="reportname" value="NoodleActivity_FrontOfTile"/>

	 <test thread-count="5" name="NewTileCreationWithFacilitatorAccount">
		<classes>
			<class name="com.Testcases.noodle.frontoftile.AdminCreatesNewTile" />
		</classes>
	</test>
	<test thread-count="5" name="NewTileCreationWithParticipatorAccount">
		<classes>
			<class name="com.Testcases.noodle.frontoftile.UserCreatesNewTile" />
		</classes>
	</test>
	<test thread-count="5" name="NewTileCreationWithAnotherParticipatorAccount">
		<classes>
			<class name="com.Testcases.noodle.frontoftile.OneMoreUserCreatesNewTile" />
		</classes>
	</test> 
	<test thread-count="5" name="ParticipantClickingIAMDone">
		<classes>
			<class name="com.Testcases.noodle.frontoftile.IAMDoneByUser" />
		</classes>
	</test>
	 <test thread-count="5" name="FacilitatorVerifiesTheIAMDoneCountByGoingForthAndBack">
		<classes>
			<class name="com.Testcases.noodle.frontoftile.FacilitatorVerifiesDoneCount" />
		</classes>
	</test>
	<test thread-count="5" name="CheckingOfTile">
		<classes>
			<class name="com.Testcases.noodle.frontoftile.CheckTheTile" />
		</classes>
	</test> 
	
</suite>