<?xml version="1.0" encoding="UTF-8"?>
<!DOCTYPE suite SYSTEM "http://testng.org/testng-1.0.dtd">
<suite name="NoodleActivitySettingsPanelSuite">
<parameter name="reportname" value="NoodleActivity_SettingsPanel"/>

	<test thread-count="5" name="FacilitatorViewsNoodleSettingsPanel">
		<classes>
			<class
				name="com.Testcases.noodle.settingspanel.FacilitatorViewsNoodleSettingsPanel" />
		</classes>
	</test>
	<test thread-count="5" name="HideAndCheckNoodleActivity">
		<classes>
			<class name="com.Testcases.noodle.settingspanel.HideAndCheckNoodleActivity" />
		</classes>
	</test>
	<test thread-count="5" name="ShowAndCheckNoodleActivity">
		<classes>
			<class name="com.Testcases.noodle.settingspanel.ShowNoodleActivityAndCheck" />
		</classes>
	</test>
</suite>