<?xml version="1.0" encoding="UTF-8"?>
<!DOCTYPE suite SYSTEM "http://testng.org/testng-1.0.dtd">
<suite name="NoodleActivityBackOfTileSuite">
<parameter name="reportname" value="Noodleactivity_BackOfTile"/>

	 <test thread-count="5" name="FacilitatorAddingAndEditingDescriptionForATile">
		<classes>
			<class name="com.Testcases.noodle.backoftile.FacilitatorAddsDescription" />
		</classes>
	</test>

	  <test thread-count="5" name="ParticipantAddingAndEditingDescriptionForATile">

		<classes>
			<class name="com.Testcases.noodle.backoftile.UserAddingDescription" />
		</classes>
	</test>
	<test thread-count="5" name="FacilitatorAddingComments">
		<classes>
			<class name="com.Testcases.noodle.backoftile.FacilitatorAddsCommentForTile" />
		</classes>
	</test>
	<test thread-count="5" name="ParticipantAddingComments">
		<classes>
			<class name="com.Testcases.noodle.backoftile.ParticipantAddsCommentForTiles" />
		</classes>
	</test>
	<test thread-count="5" name="FacilitatorEditingComments">
		<classes>
			<class name="com.Testcases.noodle.backoftile.FacilitatorEditComments" />
		</classes>
	</test>
	<test thread-count="5" name="ParticipantEditingComments">
		<classes>
			<class name="com.Testcases.noodle.backoftile.ParticipantEditComments" />
		</classes>
	</test> 
	<test thread-count="5" name="FacilitatorAddingReply">
		<classes>
			<class name="com.Testcases.noodle.backoftile.FacilitatorAddReplyForAComment" />
		</classes>
	</test>
	<test thread-count="5" name="FacilitatorAddingReplyForOthersComment">
		<classes>
			<class name="com.Testcases.noodle.backoftile.FacilitatorAddsReplyForOthersComment" />
		</classes>
	</test>
	<test thread-count="5" name="ParticipantAddingReply">
		<classes>
			<class name="com.Testcases.noodle.backoftile.ParticipantAddsReplyForAComment" />
		</classes>
	</test>
	<test thread-count="5" name="ParticipantAddingReplyForOthersComment">
		<classes>
			<class name="com.Testcases.noodle.backoftile.ParticipantAddingReplyForOthersComment" />
		</classes>
	</test>
	  <test thread-count="5" name="FacilitatorEditingReply">
		<classes>
			<class name="com.Testcases.noodle.backoftile.FacilitatorEditsReplyOfAComment" />
		</classes>
	</test>
	<test thread-count="5" name="ParticipantEditingReply">
		<classes>
			<class name="com.Testcases.noodle.backoftile.ParticipantEditsReplyForComment" />
		</classes>
	</test> 
	<test thread-count="5" name="FacilitatorEditingTiletitle">
		<classes>
			<class name="com.Testcases.noodle.backoftile.FacilitatoreditingTileTitle" />
		</classes>
	</test>
	
	<test thread-count="5" name="ParticipantEditingTiletitle">
		<classes>
			<class name="com.Testcases.noodle.backoftile.ParticipantEditingTileTitle" />
		</classes>
	</test>
	 <test thread-count="5" name="CheckingOfPlusAndMinusIconOfComments">
		<classes>
			<class name="com.Testcases.noodle.backoftile.CheckingOfPlusMinusIconOfReply" />
		</classes>

	</test>  
	 

</suite>