<?xml version="1.0" encoding="UTF-8"?>
<!DOCTYPE suite SYSTEM "http://testng.org/testng-1.0.dtd">
<suite name="NoodleActivityTextFormatting">
<parameter name="reportname" value="NoodleActivity_TextFormattingOfTileItems"/>

	 <test thread-count="5" name="CheckingOfBoldTextInTile">
		<classes>
			<class name="com.Testcases.noodle.textformatting.CheckingOfBoldText" />
		</classes>
	</test>
	<test thread-count="5" name="CheckingOfItalicTextInTile">
		<classes>
			<class name="com.Testcases.noodle.textformatting.CheckingOfItalicText" />
		</classes>
	</test>
	<test thread-count="5" name="CheckingOfUnderlinedTextInTile">
		<classes>
			<class name="com.Testcases.noodle.textformatting.CheckingOfUnderlinedText" />
		</classes>
	</test>
	<test thread-count="5" name="CheckingOfUnorderedBulletsInTileDescription">
		<classes>
			<class name="com.Testcases.noodle.textformatting.BulletsInDescription" />
		</classes>
	</test>
	<test thread-count="5" name="CheckingOfOrderedBulletsInTileDescription">
		<classes>
			<class name="com.Testcases.noodle.textformatting.OrderedBulletIndescription" />
		</classes>
	</test>
	<test thread-count="5" name="AddingHyperlinksInTileItems">
		<classes>
			<class name="com.Testcases.noodle.textformatting.CheckingOfHyperlinksInTile" />
		</classes>
	</test> 
	<test thread-count="5" name="AddingHyperlinksInTileTitle">
		<classes>
			<class name="com.Testcases.noodle.textformatting.VerifyHyperLinkInTileTitle" />
		</classes>
	</test>
	
</suite>