<?xml version="1.0" encoding="UTF-8"?>
<!DOCTYPE suite SYSTEM "http://testng.org/testng-1.0.dtd">
<suite name="NoodleActivityViewPanelSuite">
<parameter name="reportname" value="NoodleActivity_ViewPanel"/>
<test thread-count="5" name="TestDisplayViewPanelToggle">
		<classes>
			<class name="com.Testcases.noodle.viewpanel.TestDisplayViewPanelToggle" />
		</classes>
	</test>
	 <test thread-count="5" name="ListViewFilter">
		<classes>
			<class name="com.Testcases.noodle.viewpanel.ListViewFilter" />
		</classes>
	</test>
	<test thread-count="5" name="TileViewFilter">
		<classes>
			<class name="com.Testcases.noodle.viewpanel.TileViewFilter" />
		</classes>
	</test>
	<test thread-count="5" name="ViewDescriptionFilter">
		<classes>
			<class name="com.Testcases.noodle.viewpanel.ViewDescriptionFilter" />
		</classes>
	</test>
	<test thread-count="5" name="CheckUnCheckedDescriptionFilter">
		<classes>
			<class name="com.Testcases.noodle.viewpanel.CheckUnCheckedDescriptionFilter" />
		</classes>
	</test>
	<test thread-count="5" name="ViewMyTilesFilter">
		<classes>
			<class name="com.Testcases.noodle.viewpanel.ViewMyTilesFilter" />
		</classes>
	</test>
	<test thread-count="5" name="ViewAllTilesFilter">
		<classes>
			<class name="com.Testcases.noodle.viewpanel.ViewAllTilesFilter" />
		</classes>
	</test>
	<test thread-count="5" name="AlphaAscending">
		<classes>
			<class name="com.Testcases.noodle.viewpanel.AlphaAscending" />
		</classes>
	</test>
	<test thread-count="5" name="AlphaDescending">
		<classes>
			<class name="com.Testcases.noodle.viewpanel.AlphaDescending" />
		</classes>
	</test>
	<test thread-count="5" name="NumericAscending">
		<classes>
			<class name="com.Testcases.noodle.viewpanel.NumericAscending" />
		</classes>
	</test>
	<test thread-count="5" name="NumericDescending">
		<classes>
			<class name="com.Testcases.noodle.viewpanel.NumericDescending" />
		</classes>
	</test>
	<test thread-count="5" name="ShuffledFilter">
		<classes>
			<class name="com.Testcases.noodle.viewpanel.ShuffledFilter" />
		</classes>
	</test> 
</suite>