<?xml version="1.0" encoding="UTF-8"?>
<!DOCTYPE suite SYSTEM "http://testng.org/testng-1.0.dtd">
<suite name="NoodleActivityGarbageSuite">
<parameter name="reportname" value="NoodleActivity_GarbageActivities"/>

	<test thread-count="5" name="FacilitatorDeleingTileItems">
		<classes>
			<class name="com.Testcases.noodle.garbageactivity.FacilitatorDeletesTileItems" />
		</classes>
	</test>
	<test thread-count="5" name="ParticipantDeleingTileItems">
		<classes>
			<class name="com.Testcases.noodle.garbageactivity.ParticipantDeletesThings" />
		</classes>
	</test>
	<test thread-count="5" name="FacilitatorDeleingACommentWhichHasReply">
		<classes>
			<class name="com.Testcases.noodle.garbageactivity.DeleteCommentWhichHasReply" />
		</classes>
	</test>
	
	
</suite>