<?xml version="1.0" encoding="UTF-8"?>
<!DOCTYPE suite SYSTEM "http://testng.org/testng-1.0.dtd">
<suite name="NoodleActivityInstructionSuite">
<parameter name="reportname" value="NoodleActivity_ActivityInstruction"/>

	<test thread-count="5" name="EditActivityInstruction">
		<classes>
			<class name="com.Testcases.noodle.activityinstruction.EditActivityInstruction" />
		</classes>
	</test>
	<test thread-count="5" name="AddHyperlinkInNoodleInstructions">
		<classes>
			<class name="com.Testcases.noodle.activityinstruction.AddHyperlinkInNoodleInstructions" />
		</classes>
	</test>
	<test thread-count="5" name="AddTextFormattingInNoodleActivityInstruction">
		<classes>
			<class name="com.Testcases.noodle.activityinstruction.AddTextFormattingInActivityInstruction" />
		</classes>
	</test>
	<test thread-count="5" name="AddUnderlinedTextFormattingInNoodleActivityInstruction">
		<classes>
			<class name="com.Testcases.noodle.activityinstruction.CheckUnderlinedTextinActivityInstruction" />
		</classes>
	</test>
	<test thread-count="5" name="SetOwnerTileVisibilityAndCheck">
		<classes>
			<class name="com.Testcases.noodle.activityinstruction.SetOwnerTileVisibilityAndCheck" />
		</classes>
	</test>
	<test thread-count="5" name="SetAllTileVisibilityAndCheck">
		<classes>
			<class name="com.Testcases.noodle.activityinstruction.SetAllTileVisibilityAndCheck" />
		</classes>
	</test>
	
	<test thread-count="5" name="CheckOwnersCommentVisibility">
		<classes>
			<class name="com.Testcases.noodle.activityinstruction.CheckOwnersCommentVisibility" />
		</classes>
	</test>
	<test thread-count="5" name="CheckAllCommentsVisibility">
		<classes>
			<class name="com.Testcases.noodle.CheckAllCommentsVisibility" />
		</classes>
	</test>
	<test thread-count="5" name="CheckListStyleVisibility">
		<classes>
			<class name="com.Testcases.noodle.activityinstruction.CheckTileStyleVisibility" />
		</classes>
	</test>
	<test thread-count="5" name="CheckTileStyleVisibility">
		<classes>
			<class name="com.Testcases.noodle.activityinstruction.CheckTileStyleOfTiles" />
		</classes>
	</test>
	<test thread-count="5" name="CheckAddTileVisibilityYes">
		<classes>
			<class name="com.Testcases.noodle.activityinstruction.CheckAddTileVisibilityYes" />
		</classes>
	</test>
	<test thread-count="5" name="CheckAddTileVisibility">
		<classes>
			<class name="com.Testcases.noodle.activityinstruction.CheckAddTileVisibility" />
		</classes>
	</test>
	
</suite>