<?xml version="1.0" encoding="UTF-8"?>
<!DOCTYPE suite SYSTEM "http://testng.org/testng-1.0.dtd">
<suite name="NoodleActivityInstructionPanelSuite">
<parameter name="reportname" value="NoodleActivity_InstructionPanel"/>

	<test thread-count="5" name="FacilitatorCheckingInstructionPanel">
		<classes>
			<class name="com.Testcases.noodle.instructionpanel.AdminCheckingInstructionPanel" />
		</classes>
	</test>
	 <test thread-count="5" name="ParticipantCheckingInstructionPanel">
		<classes>
			<class name="com.Testcases.noodle.instructionpanel.UserCheckingInstructionPanel" />
		</classes>
	</test>
	
</suite>