<?xml version="1.0" encoding="UTF-8"?>
<!DOCTYPE suite SYSTEM "http://testng.org/testng-1.0.dtd">
<suite name="NextAction_ExportTilesSuite">
  <parameter name="reportname" value="NextAction_ExportTiles"/>

   <test thread-count="5" name="FacilitatorChecksExportTilesDialogue">
    <classes>
      <class name="com.Testcases.nextaction.exporttiles.FacilitatorChecksExportTilesDialogue"/>
    </classes>
  </test>  
  <test thread-count="5" name="FacilitatorAddsANewTopicToExport">
    <classes>
      <class name="com.Testcases.nextaction.exporttiles.FacilitatorAddsANewTopicToExport"/>
    </classes>
  </test> 
  
  <test thread-count="5" name="FacilitatorExportsTilesToAnotherTopic">
    <classes>
      <class name="com.Testcases.nextaction.exporttiles.FacilitatorExportsTilesToAnotherTopic"/>
    </classes>
  </test> 
  
  <test thread-count="5" name="FacilitatorChecksCommentCountOfExportedTiles">
    <classes>
      <class name="com.Testcases.nextaction.exporttiles.FacilitatorChecksCommentCountOfExportedTiles"/>
    </classes> 
  </test> 
  
  <test thread-count="5" name="FacilitatorChecksCommentsOfExportedTopic">
    <classes>
      <class name="com.Testcases.nextaction.exporttiles.FacilitatorChecksCommentsOfExportedTopic"/>
    </classes> 
  </test>
  
  <test thread-count="5" name="FacilitatorChecksRepliesOfExportedTopic">
    <classes>
      <class name="com.Testcases.nextaction.exporttiles.FacilitatorChecksRepliesOfExportedTopic"/>
    </classes> 
  </test>
  
  <test thread-count="5" name="FacilitatorChecksDescriptionOfExportedTopic">
    <classes>
      <class name="com.Testcases.nextaction.exporttiles.FacilitatorChecksDescriptionOfExportedTopic"/>
    </classes> 
  </test>  
  
  <test thread-count="5" name="FacilitatorChecksFilesInExportedTopic">
    <classes>
      <class name="com.Testcases.nextaction.exporttiles.FacilitatorChecksFilesInExportedTopic"/>
    </classes> 
  </test>
  
  
   <test thread-count="5" name="FacilitatorChecksTagsOfExportedTopic">
    <classes>
      <class name="com.Testcases.nextaction.exporttiles.FacilitatorChecksTagsOfExportedTopic"/>
    </classes> 
  </test>  
   
  
</suite> 
