<?xml version="1.0" encoding="UTF-8"?>
<!DOCTYPE suite SYSTEM "http://testng.org/testng-1.0.dtd">
<suite name="NextAction_LandingPageSuite">

<parameter name="reportname" value="NextAction_LandingPage"/>

 <test thread-count="5" name="FacilitatorEditsDescriptionOfActionTile">
    <classes>
      <class name="com.Testcases.nextaction.landingpage.FacilitatorEditsDescriptionOfActionTile"/>
    </classes>  
   </test>
   
   <test thread-count="5" name="ParticipantEditsDescriptionOfActionTile">
    <classes>
      <class name="com.Testcases.nextaction.landingpage.ParticipantEditsDescriptionOfActionTile"/>
    </classes>  
   </test>
   
    <test thread-count="5" name="FacilitatorSwitchToOtherActivitiesFromAction">
    <classes>
      <class name="com.Testcases.nextaction.landingpage.FacilitatorSwitchToOtherActivitiesFromAction"/>
    </classes>  
   </test>
   
    <test thread-count="5" name="ParticipantChecksVisibleActivities">
    <classes>
      <class name="com.Testcases.nextaction.landingpage.ParticipantChecksVisibleActivities"/>
    </classes>  
   </test>
   
    <test thread-count="5" name="ParticipantChecksHiddenActivities">
    <classes>
      <class name="com.Testcases.nextaction.landingpage.ParticipantChecksHiddenActivities"/>
    </classes>  
   </test>
   
    <test thread-count="5" name="FacilitatorChecksShowActivitySettingsStatus">
    <classes>
      <class name="com.Testcases.nextaction.landingpage.FacilitatorChecksShowActivitySettingsStatus"/>
    </classes>  
   </test>
   
    <test thread-count="5" name="FacilitatorChecksHideActivitySettings">
    <classes>
      <class name="com.Testcases.nextaction.landingpage.FacilitatorChecksHideActivitySettings"/>
    </classes>  
   </test> 
   
</suite>
