<?xml version="1.0" encoding="UTF-8"?>
<!DOCTYPE suite SYSTEM "http://testng.org/testng-1.0.dtd">
<suite name="NextAction_FrontOfTile_Suite">
	<parameter name="reportname" value="NextAction_FrontOfTile" />

	<test thread-count="5" name="FacilitatorVerifiesDS">
		<classes>
			<class name="com.Testcases.nextaction.frontoftile.FacilitatorVerifiesDS" />
		</classes>
	</test>

	<test thread-count="5" name="ParticipantVefiesDS">
		<classes>
			<class name="com.Testcases.nextaction.frontoftile.ParticipantVefiesDS" />
		</classes>
	</test>


	<test thread-count="5" name="FacilitatorOpensNextActionActivity">
		<classes>
			<class
				name="com.Testcases.nextaction.frontoftile.FacilitatorOpensNextActionActivity" />
		</classes>
	</test>

	<test thread-count="5" name="EnterIntoActionsAndCheckIdeasList">
		<classes>
			<class
				name="com.Testcases.nextaction.frontoftile.EnterIntoActionsAndCheckIdeasList" />
		</classes>
	</test>

	<test thread-count="5" name="CheckAddActionButton">
		<classes>
			<class name="com.Testcases.nextaction.frontoftile.CheckAddActionButton" />
		</classes>
	</test>

	<test thread-count="5" name="NavigateToCommentsByClickingTileAnyWhere">
		<classes>
			<class
				name="com.Testcases.nextaction.frontoftile.NavigateToCommentsByClickingTileAnyWhere" />
		</classes>
	</test>

	<test thread-count="5" name="CheckParticipantDoneCount">
		<classes>
			<class
				name="com.Testcases.nextaction.frontoftile.CheckParticipantDoneCount" />
		</classes>
	</test>







</suite> <!-- Suite -->
