<?xml version="1.0" encoding="UTF-8"?>
<!DOCTYPE suite SYSTEM "http://testng.org/testng-1.0.dtd">
<suite name="NextAction_ActionFiltersSuite">

	<parameter name="reportname" value="NextAction_ActionFilters" />

	<test thread-count="5" name="CheckShowDescriptionCheckbox">
		<classes>
			<class
				name="com.Testcases.nextaction.actionfilters.CheckShowDescriptionCheckbox" />
		</classes>
	</test>
	<test thread-count="5" name="CheckShowTagCheckbox">
		<classes>
			<class name="com.Testcases.nextaction.actionfilters.CheckShowTagCheckbox" />
		</classes>
	</test>

	<test thread-count="5" name="CheckTileContributorFilters">
		<classes>
			<class
				name="com.Testcases.nextaction.actionfilters.CheckTileContributorFilters" />
		</classes>
	</test>

	<test thread-count="5" name="CheckAlphaAscendingFilter">
		<classes>
			<class
				name="com.Testcases.nextaction.actionfilters.CheckAlphaAscendingFilter" />
		</classes>
	</test>

	<test thread-count="5" name="CheckAlphaDescendingFilter">
		<classes>
			<class
				name="com.Testcases.nextaction.actionfilters.CheckAlphaDescendingFilter" />
		</classes>
	</test>
	<test thread-count="5" name="CheckNumericAscendingFilter">
		<classes>
			<class
				name="com.Testcases.nextaction.actionfilters.CheckNumericAscendingFilter" />
		</classes>
	</test>

	<test thread-count="5" name="CheckNumericDescendingFilter">
		<classes>
			<class
				name="com.Testcases.nextaction.actionfilters.CheckNumericDescendingFilter" />
		</classes>
	</test>

	<test thread-count="5" name="CheckShuffledOrderFilter">
		<classes>
			<class
				name="com.Testcases.nextaction.actionfilters.CheckShuffledOrderFilter" />
		</classes>
	</test>

	<test thread-count="5" name="CheckTagsFilter">
		<classes>
			<class name="com.Testcases.nextaction.actionfilters.CheckTagsFilter" />
		</classes>
	</test>


	<test thread-count="5" name="ViewTaggedIdeasAtFirst">
		<classes>
			<class
				name="com.Testcases.nextaction.actionfilters.ViewTaggedIdeasAtFirst" />
		</classes>
	</test>
</suite> 
