<?xml version="1.0" encoding="UTF-8"?>
<!DOCTYPE suite SYSTEM "http://testng.org/testng-1.0.dtd">
<suite name="AddAction_NextActionSuite">
<parameter name="reportname" value="NextAction_AddAction"/>

  <test thread-count="5" name="FacilitatorChecksAddActionDialogue">
    <classes>
      <class name="com.Testcases.nextaction.addaction.FacilitatorChecksAddActionDialogue"/>
    </classes>  
   </test>
   
   <test thread-count="5" name="ParticipantChecksAddActionDialogue">
    <classes>
      <class name="com.Testcases.nextaction.addaction.ParticipantChecksAddActionDialogue"/>
    </classes>  
   </test>
   
   <test thread-count="5" name="FacilitatorAddsAnAction">
    <classes>
      <class name="com.Testcases.nextaction.addaction.FacilitatorAddsAnAction"/>
    </classes>  
   </test>
      
   <test thread-count="5" name="ParticipantAddsAnAction">
    <classes>
      <class name="com.Testcases.nextaction.addaction.ParticipantAddsAnAction"/>
    </classes>  
   </test>
   
 
</suite> <!-- AddAction_NextActionSuite -->
