<?xml version="1.0" encoding="UTF-8"?>
<!DOCTYPE suite SYSTEM "http://testng.org/testng-1.0.dtd">
<suite name="EditAction_NextActionSuite">
<parameter name="reportname" value="NextAction_EditAction"/>

 <test thread-count="5" name="CheckEditActionDialogue">
    <classes>
      <class name="com.Testcases.nextaction.editaction.CheckEditActionDialogue"/>
    </classes>  
   </test>
   
    <test thread-count="5" name="FacilitatorEditsOwnAction">
    <classes>
      <class name="com.Testcases.nextaction.editaction.FacilitatorEditsOwnAction"/>
    </classes>  
   </test>
   
    <test thread-count="5" name="FacilitatorEditsParticipantsAction">
    <classes>
      <class name="com.Testcases.nextaction.editaction.FacilitatorEditsParticipantsAction"/>
    </classes>  
   </test>
   
    <test thread-count="5" name="ParticipantEditsOwnAction">
    <classes>
      <class name="com.Testcases.nextaction.editaction.ParticipantEditsOwnAction"/>
    </classes>  
   </test>
   
    <test thread-count="5" name="ParticipantEditsFacilitatorAction">
    <classes>
      <class name="com.Testcases.nextaction.editaction.ParticipantEditsFacilitatorAction"/>
    </classes>  
   </test>
   
    <test thread-count="5" name="FacilitatorDeletesOwnAction">
    <classes>
      <class name="com.Testcases.nextaction.editaction.FacilitatorDeletesOwnAction"/>
    </classes>  
   </test>
   
    <test thread-count="5" name="FacilitatorDeletesParticipantsAction">
    <classes>
      <class name="com.Testcases.nextaction.editaction.FacilitatorDeletesParticipantsAction"/>
    </classes>  
   </test>
   
    <test thread-count="5" name="ParticipantDeletesOwnAction">
    <classes>
      <class name="com.Testcases.nextaction.editaction.ParticipantDeletesOwnAction"/>
    </classes>  
   </test>
   
    <test thread-count="5" name="ParticipantDeletesFacilitatorsAction">
    <classes>
      <class name="com.Testcases.nextaction.editaction.ParticipantDeletesFacilitatorsAction"/>
    </classes>  
   </test>
   
</suite> <!-- Suite -->
