<?xml version="1.0" encoding="UTF-8"?>
<!DOCTYPE suite SYSTEM "http://testng.org/testng-1.0.dtd">
<suite name="NextAction_ActionSettingsSuite">
	<parameter name="reportname" value="NextAction_ActionSettings" />

	 <test thread-count="5" name="CheckAllTileVisibilitySettings">
		<classes>
			<class
				name="com.Testcases.nextaction.actionsettings.CheckAllTileVisibilitySettings" />
		</classes>
	</test>
	
	<test thread-count="5" name="CheckOwnerTileVisibilitySettings">
		<classes>
			<class
				name="com.Testcases.nextaction.actionsettings.CheckOwnerTileVisibilitySettings" />
		</classes>
	</test>
	
	<test thread-count="5" name="CheckShowTagsOnTileSettings">
		<classes>
			<class
				name="com.Testcases.nextaction.actionsettings.CheckShowTagsOnTileSettings" />
		</classes>
	</test>
	 
	
	<test thread-count="5" name="CheckHideTagOnTileSettings">
		<classes>
			<class
				name="com.Testcases.nextaction.actionsettings.CheckHideTagOnTileSettings" />
		</classes>
	</test> 
	<test thread-count="5" name="CheckAllCommentVisibilitySettings">
		<classes>
			<class
				name="com.Testcases.nextaction.actionsettings.CheckAllCommentVisibilitySettings" />
		</classes>
	</test>
	
	<test thread-count="5" name="CheckOwnersCommentVisibilitySettings">
		<classes>
			<class
				name="com.Testcases.nextaction.actionsettings.CheckOwnersCommentVisibilitySettings" />
		</classes>
	</test>
	
	<test thread-count="5" name="CheckHideFileVisibilitySettings">
		<classes>
			<class
				name="com.Testcases.nextaction.actionsettings.CheckHideFileVisibilitySettings" />
		</classes>
	</test>
	
	<test thread-count="5" name="CheckShowFileVisibilitySettings">
		<classes>
			<class
				name="com.Testcases.nextaction.actionsettings.CheckShowFileVisibilitySettings" />
		</classes>
	</test>
	
	<test thread-count="5" name="CheckAllTaggingAbilitySettings">
		<classes>
			<class
				name="com.Testcases.nextaction.actionsettings.CheckAllTaggingAbilitySettings" />
		</classes>
	</test>
	
	<test thread-count="5" name="CheckOwnersTaggingAbility">
		<classes>
			<class
				name="com.Testcases.nextaction.actionsettings.CheckOwnersTaggingAbility" />
		</classes>
	</test>
	
	<test thread-count="5" name="CheckAlphaAscendingSettings">
		<classes>
			<class
				name="com.Testcases.nextaction.actionsettings.CheckAlphaAscendingSettings" />
		</classes>
	</test>
	<test thread-count="5" name="CheckAlphaDescendingSettings">
		<classes>
			<class
				name="com.Testcases.nextaction.actionsettings.CheckAlphaDescendingSettings" />
		</classes>
	</test>
	
	<test thread-count="5" name="CheckNumericAscendingSettings">
		<classes>
			<class
				name="com.Testcases.nextaction.actionsettings.CheckNumericAscendingSettings" />
		</classes>
	</test>
	
	<test thread-count="5" name="CheckNumericDescendingSettings">
		<classes>
			<class
				name="com.Testcases.nextaction.actionsettings.CheckNumericDescendingSettings" />
		</classes>
	</test>
	
	<test thread-count="5" name="CheckShuffleSettings">
		<classes>
			<class
				name="com.Testcases.nextaction.actionsettings.CheckShuffleSettings" />
		</classes>
	</test>
	
	
	<test thread-count="5" name="CheckResetNextAction">
		<classes>
			<class
				name="com.Testcases.nextaction.actionsettings.CheckResetNextAction" />
		</classes>
	</test>
	
</suite> 
